areaType,areaName,areaCode,date,newCasesBySpecimenDate,cumCasesBySpecimenDate,newFirstEpisodesBySpecimenDate,cumFirstEpisodesBySpecimenDate,newReinfectionsBySpecimenDate,cumReinfectionsBySpecimenDate
nation,England,E92000001,12/04/2023,1265,20772220,759,19233710,506,1538510
nation,England,E92000001,11/04/2023,2032,20770955,1291,19232951,741,1538004
nation,England,E92000001,10/04/2023,2009,20768923,1243,19231660,766,1537263
nation,England,E92000001,09/04/2023,1575,20766914,1039,19230417,536,1536497
nation,England,E92000001,08/04/2023,1465,20765339,952,19229378,513,1535961
nation,England,E92000001,07/04/2023,1531,20763874,999,19228426,532,1535448
nation,England,E92000001,06/04/2023,1892,20762343,1230,19227427,662,1534916
nation,England,E92000001,05/04/2023,2178,20760451,1374,19226197,804,1534254
nation,England,E92000001,04/04/2023,2123,20758273,1381,19224823,742,1533450
nation,England,E92000001,03/04/2023,2422,20756150,1530,19223442,892,1532708
nation,England,E92000001,02/04/2023,2242,20753728,1411,19221912,831,1531816
nation,England,E92000001,01/04/2023,2059,20751486,1322,19220501,737,1530985
nation,England,E92000001,31/03/2023,2493,20749427,1588,19219179,905,1530248
nation,England,E92000001,30/03/2023,3028,20746934,1928,19217591,1100,1529343
nation,England,E92000001,29/03/2023,3424,20743906,2106,19215663,1318,1528243
nation,England,E92000001,28/03/2023,3579,20740482,2206,19213557,1373,1526925
nation,England,E92000001,27/03/2023,3918,20736903,2347,19211351,1571,1525552
nation,England,E92000001,26/03/2023,3151,20732985,1879,19209004,1272,1523981
nation,England,E92000001,25/03/2023,2751,20729834,1715,19207125,1036,1522709
nation,England,E92000001,24/03/2023,3734,20727083,2309,19205410,1425,1521673
nation,England,E92000001,23/03/2023,3959,20723349,2371,19203101,1588,1520248
nation,England,E92000001,22/03/2023,4318,20719390,2611,19200730,1707,1518660
nation,England,E92000001,21/03/2023,4749,20715072,2883,19198119,1866,1516953
nation,England,E92000001,20/03/2023,4730,20710323,2789,19195236,1941,1515087
nation,England,E92000001,19/03/2023,3681,20705593,2176,19192447,1505,1513146
nation,England,E92000001,18/03/2023,3098,20701912,1916,19190271,1182,1511641
nation,England,E92000001,17/03/2023,3707,20698814,2336,19188355,1371,1510459
nation,England,E92000001,16/03/2023,4340,20695107,2639,19186019,1701,1509088
nation,England,E92000001,15/03/2023,4366,20690767,2661,19183380,1705,1507387
nation,England,E92000001,14/03/2023,5063,20686401,3057,19180719,2006,1505682
nation,England,E92000001,13/03/2023,5288,20681338,3139,19177662,2149,1503676
nation,England,E92000001,12/03/2023,4025,20676050,2389,19174523,1636,1501527
nation,England,E92000001,11/03/2023,3082,20672025,1890,19172134,1192,1499891
nation,England,E92000001,10/03/2023,3592,20668943,2267,19170244,1325,1498699
nation,England,E92000001,09/03/2023,3959,20665351,2426,19167977,1533,1497374
nation,England,E92000001,08/03/2023,4314,20661392,2633,19165551,1681,1495841
nation,England,E92000001,07/03/2023,4448,20657078,2730,19162918,1718,1494160
nation,England,E92000001,06/03/2023,4575,20652630,2696,19160188,1879,1492442
nation,England,E92000001,05/03/2023,3152,20648055,1897,19157492,1255,1490563
nation,England,E92000001,04/03/2023,2568,20644903,1554,19155595,1014,1489308
nation,England,E92000001,03/03/2023,3417,20642335,2079,19154041,1338,1488294
nation,England,E92000001,02/03/2023,3562,20638918,2233,19151962,1329,1486956
nation,England,E92000001,01/03/2023,3966,20635356,2436,19149729,1530,1485627
nation,England,E92000001,28/02/2023,4151,20631390,2474,19147293,1677,1484097
nation,England,E92000001,27/02/2023,4314,20627239,2625,19144819,1689,1482420
nation,England,E92000001,26/02/2023,2897,20622925,1777,19142194,1120,1480731
nation,England,E92000001,25/02/2023,2524,20620028,1588,19140417,936,1479611
nation,England,E92000001,24/02/2023,3113,20617504,1928,19138829,1185,1478675
nation,England,E92000001,23/02/2023,3483,20614391,2181,19136901,1302,1477490
nation,England,E92000001,22/02/2023,3851,20610908,2317,19134720,1534,1476188
nation,England,E92000001,21/02/2023,4311,20607057,2546,19132403,1765,1474654
nation,England,E92000001,20/02/2023,4544,20602746,2705,19129857,1839,1472889
nation,England,E92000001,19/02/2023,3436,20598202,2061,19127152,1375,1471050
nation,England,E92000001,18/02/2023,2905,20594766,1842,19125091,1063,1469675
nation,England,E92000001,17/02/2023,3779,20591861,2316,19123249,1463,1468612
nation,England,E92000001,16/02/2023,4006,20588082,2506,19120933,1500,1467149
nation,England,E92000001,15/02/2023,3897,20584076,2388,19118427,1509,1465649
nation,England,E92000001,14/02/2023,4352,20580179,2631,19116039,1721,1464140
nation,England,E92000001,13/02/2023,4541,20575827,2759,19113408,1782,1462419
nation,England,E92000001,12/02/2023,2921,20571286,1808,19110649,1113,1460637
nation,England,E92000001,11/02/2023,2394,20568365,1506,19108841,888,1459524
nation,England,E92000001,10/02/2023,3045,20565971,1940,19107335,1105,1458636
nation,England,E92000001,09/02/2023,3037,20562926,1881,19105395,1156,1457531
nation,England,E92000001,08/02/2023,3331,20559889,2000,19103514,1331,1456375
nation,England,E92000001,07/02/2023,3391,20556558,2062,19101514,1329,1455044
nation,England,E92000001,06/02/2023,3620,20553167,2159,19099452,1461,1453715
nation,England,E92000001,05/02/2023,2613,20549547,1569,19097293,1044,1452254
nation,England,E92000001,04/02/2023,2223,20546934,1372,19095724,851,1451210
nation,England,E92000001,03/02/2023,2743,20544711,1706,19094352,1037,1450359
nation,England,E92000001,02/02/2023,2954,20541968,1858,19092646,1096,1449322
nation,England,E92000001,01/02/2023,3209,20539014,1958,19090788,1251,1448226
nation,England,E92000001,31/01/2023,3275,20535805,1941,19088830,1334,1446975
nation,England,E92000001,30/01/2023,3271,20532530,1978,19086889,1293,1445641
nation,England,E92000001,29/01/2023,2249,20529259,1307,19084911,942,1444348
nation,England,E92000001,28/01/2023,1802,20527010,1175,19083604,627,1443406
nation,England,E92000001,27/01/2023,2269,20525208,1453,19082429,816,1442779
nation,England,E92000001,26/01/2023,2334,20522939,1463,19080976,871,1441963
nation,England,E92000001,25/01/2023,2419,20520605,1466,19079513,953,1441092
nation,England,E92000001,24/01/2023,2549,20518186,1532,19078047,1017,1440139
nation,England,E92000001,23/01/2023,2384,20515637,1449,19076515,935,1439122
nation,England,E92000001,22/01/2023,1748,20513253,1017,19075066,731,1438187
nation,England,E92000001,21/01/2023,1400,20511505,902,19074049,498,1437456
nation,England,E92000001,20/01/2023,1700,20510105,1095,19073147,605,1436958
nation,England,E92000001,19/01/2023,1808,20508405,1122,19072052,686,1436353
nation,England,E92000001,18/01/2023,1895,20506597,1207,19070930,688,1435667
nation,England,E92000001,17/01/2023,1984,20504702,1244,19069723,740,1434979
nation,England,E92000001,16/01/2023,2308,20502718,1401,19068479,907,1434239
nation,England,E92000001,15/01/2023,1673,20500410,1020,19067078,653,1433332
nation,England,E92000001,14/01/2023,1325,20498737,896,19066058,429,1432679
nation,England,E92000001,13/01/2023,1910,20497412,1217,19065162,693,1432250
nation,England,E92000001,12/01/2023,2199,20495502,1430,19063945,769,1431557
nation,England,E92000001,11/01/2023,2369,20493303,1556,19062515,813,1430788
nation,England,E92000001,10/01/2023,2799,20490934,1792,19060959,1007,1429975
nation,England,E92000001,09/01/2023,3205,20488135,2022,19059167,1183,1428968
nation,England,E92000001,08/01/2023,2494,20484930,1589,19057145,905,1427785
nation,England,E92000001,07/01/2023,2413,20482436,1629,19055556,784,1426880
nation,England,E92000001,06/01/2023,3409,20480023,2290,19053927,1119,1426096
nation,England,E92000001,05/01/2023,4162,20476614,2647,19051637,1515,1424977
nation,England,E92000001,04/01/2023,5006,20472452,3164,19048990,1842,1423462
nation,England,E92000001,03/01/2023,5738,20467446,3566,19045826,2172,1421620
nation,England,E92000001,02/01/2023,4632,20461708,2943,19042260,1689,1419448
nation,England,E92000001,01/01/2023,3333,20457076,2273,19039317,1060,1417759
nation,England,E92000001,31/12/2022,3887,20453743,2647,19037044,1240,1416699
nation,England,E92000001,30/12/2022,5517,20449856,3758,19034397,1759,1415459
nation,England,E92000001,29/12/2022,6945,20444339,4713,19030639,2232,1413700
nation,England,E92000001,28/12/2022,7604,20437394,5074,19025926,2530,1411468
nation,England,E92000001,27/12/2022,5972,20429790,3917,19020852,2055,1408938
nation,England,E92000001,26/12/2022,4488,20423818,3047,19016935,1441,1406883
nation,England,E92000001,25/12/2022,3382,20419330,2413,19013888,969,1405442
nation,England,E92000001,24/12/2022,3778,20415948,2737,19011475,1041,1404473
nation,England,E92000001,23/12/2022,5221,20412170,3645,19008738,1576,1403432
nation,England,E92000001,22/12/2022,6234,20406949,4234,19005093,2000,1401856
nation,England,E92000001,21/12/2022,7034,20400715,4719,19000859,2315,1399856
nation,England,E92000001,20/12/2022,7829,20393681,5286,18996140,2543,1397541
nation,England,E92000001,19/12/2022,8236,20385852,5461,18990854,2775,1394998
nation,England,E92000001,18/12/2022,5210,20377616,3479,18985393,1731,1392223
nation,England,E92000001,17/12/2022,4272,20372406,2837,18981914,1435,1390492
nation,England,E92000001,16/12/2022,5528,20368134,3776,18979077,1752,1389057
nation,England,E92000001,15/12/2022,5547,20362606,3619,18975301,1928,1387305
nation,England,E92000001,14/12/2022,5961,20357059,3900,18971682,2061,1385377
nation,England,E92000001,13/12/2022,6483,20351098,4218,18967782,2265,1383316
nation,England,E92000001,12/12/2022,6352,20344615,4158,18963564,2194,1381051
nation,England,E92000001,11/12/2022,4225,20338263,2704,18959406,1521,1378857
nation,England,E92000001,10/12/2022,3285,20334038,2180,18956702,1105,1377336
nation,England,E92000001,09/12/2022,3825,20330753,2562,18954522,1263,1376231
nation,England,E92000001,08/12/2022,4092,20326928,2675,18951960,1417,1374968
nation,England,E92000001,07/12/2022,4640,20322836,2945,18949285,1695,1373551
nation,England,E92000001,06/12/2022,4763,20318196,3057,18946340,1706,1371856
nation,England,E92000001,05/12/2022,4852,20313433,3019,18943283,1833,1370150
nation,England,E92000001,04/12/2022,3409,20308581,2182,18940264,1227,1368317
nation,England,E92000001,03/12/2022,2481,20305172,1621,18938082,860,1367090
nation,England,E92000001,02/12/2022,3273,20302691,2149,18936461,1124,1366230
nation,England,E92000001,01/12/2022,3215,20299418,2065,18934312,1150,1365106
nation,England,E92000001,30/11/2022,3608,20296203,2263,18932247,1345,1363956
nation,England,E92000001,29/11/2022,3972,20292595,2525,18929984,1447,1362611
nation,England,E92000001,28/11/2022,4238,20288623,2703,18927459,1535,1361164
nation,England,E92000001,27/11/2022,3151,20284385,1964,18924756,1187,1359629
nation,England,E92000001,26/11/2022,2304,20281234,1486,18922792,818,1358442
nation,England,E92000001,25/11/2022,2640,20278930,1773,18921306,867,1357624
nation,England,E92000001,24/11/2022,3006,20276290,1882,18919533,1124,1356757
nation,England,E92000001,23/11/2022,3241,20273284,2095,18917651,1146,1355633
nation,England,E92000001,22/11/2022,3452,20270043,2122,18915556,1330,1354487
nation,England,E92000001,21/11/2022,3549,20266591,2181,18913434,1368,1353157
nation,England,E92000001,20/11/2022,2611,20263042,1643,18911253,968,1351789
nation,England,E92000001,19/11/2022,2206,20260431,1464,18909610,742,1350821
nation,England,E92000001,18/11/2022,2501,20258225,1669,18908146,832,1350079
nation,England,E92000001,17/11/2022,2703,20255724,1714,18906477,989,1349247
nation,England,E92000001,16/11/2022,2934,20253021,1911,18904763,1023,1348258
nation,England,E92000001,15/11/2022,3159,20250087,2018,18902852,1141,1347235
nation,England,E92000001,14/11/2022,3494,20246928,2209,18900834,1285,1346094
nation,England,E92000001,13/11/2022,2647,20243434,1689,18898625,958,1344809
nation,England,E92000001,12/11/2022,2172,20240787,1474,18896936,698,1343851
nation,England,E92000001,11/11/2022,2561,20238615,1729,18895462,832,1343153
nation,England,E92000001,10/11/2022,2806,20236054,1888,18893733,918,1342321
nation,England,E92000001,09/11/2022,3185,20233248,2107,18891845,1078,1341403
nation,England,E92000001,08/11/2022,3378,20230063,2184,18889738,1194,1340325
nation,England,E92000001,07/11/2022,3878,20226685,2494,18887554,1384,1339131
nation,England,E92000001,06/11/2022,2916,20222807,1862,18885060,1054,1337747
nation,England,E92000001,05/11/2022,2374,20219891,1591,18883198,783,1336693
nation,England,E92000001,04/11/2022,2760,20217517,1929,18881607,831,1335910
nation,England,E92000001,03/11/2022,3262,20214757,2202,18879678,1060,1335079
nation,England,E92000001,02/11/2022,3599,20211495,2417,18877476,1182,1334019
nation,England,E92000001,01/11/2022,4091,20207896,2715,18875059,1376,1332837
nation,England,E92000001,31/10/2022,4632,20203805,3106,18872344,1526,1331461
nation,England,E92000001,30/10/2022,3827,20199173,2567,18869238,1260,1329935
nation,England,E92000001,29/10/2022,3227,20195346,2266,18866671,961,1328675
nation,England,E92000001,28/10/2022,3916,20192119,2834,18864405,1082,1327714
nation,England,E92000001,27/10/2022,4374,20188203,3132,18861571,1242,1326632
nation,England,E92000001,26/10/2022,4923,20183829,3461,18858439,1462,1325390
nation,England,E92000001,25/10/2022,5179,20178906,3654,18854978,1525,1323928
nation,England,E92000001,24/10/2022,6147,20173727,4295,18851324,1852,1322403
nation,England,E92000001,23/10/2022,5011,20167580,3597,18847029,1414,1320551
nation,England,E92000001,22/10/2022,4527,20162569,3315,18843432,1212,1319137
nation,England,E92000001,21/10/2022,5760,20158042,4162,18840117,1598,1317925
nation,England,E92000001,20/10/2022,6076,20152282,4303,18835955,1773,1316327
nation,England,E92000001,19/10/2022,7041,20146206,5039,18831652,2002,1314554
nation,England,E92000001,18/10/2022,7665,20139165,5428,18826613,2237,1312552
nation,England,E92000001,17/10/2022,9295,20131500,6598,18821185,2697,1310315
nation,England,E92000001,16/10/2022,7257,20122205,5220,18814587,2037,1307618
nation,England,E92000001,15/10/2022,6005,20114948,4434,18809367,1571,1305581
nation,England,E92000001,14/10/2022,7342,20108943,5493,18804933,1849,1304010
nation,England,E92000001,13/10/2022,7561,20101601,5482,18799440,2079,1302161
nation,England,E92000001,12/10/2022,8120,20094040,5803,18793958,2317,1300082
nation,England,E92000001,11/10/2022,8779,20085920,6425,18788155,2354,1297765
nation,England,E92000001,10/10/2022,9833,20077141,7088,18781730,2745,1295411
nation,England,E92000001,09/10/2022,8014,20067308,5883,18774642,2131,1292666
nation,England,E92000001,08/10/2022,6581,20059294,4966,18768759,1615,1290535
nation,England,E92000001,07/10/2022,8334,20052713,6213,18763793,2121,1288920
nation,England,E92000001,06/10/2022,8818,20044379,6615,18757580,2203,1286799
nation,England,E92000001,05/10/2022,9544,20035561,7035,18750965,2509,1284596
nation,England,E92000001,04/10/2022,10246,20026017,7550,18743930,2696,1282087
nation,England,E92000001,03/10/2022,10881,20015771,7968,18736380,2913,1279391
nation,England,E92000001,02/10/2022,8617,20004890,6500,18728412,2117,1276478
nation,England,E92000001,01/10/2022,6564,19996273,5036,18721912,1528,1274361
nation,England,E92000001,30/09/2022,7098,19989709,5453,18716876,1645,1272833
nation,England,E92000001,29/09/2022,7352,19982611,5560,18711423,1792,1271188
nation,England,E92000001,28/09/2022,7807,19975259,5872,18705863,1935,1269396
nation,England,E92000001,27/09/2022,7644,19967452,5639,18699991,2005,1267461
nation,England,E92000001,26/09/2022,8040,19959808,5869,18694352,2171,1265456
nation,England,E92000001,25/09/2022,6738,19951768,4961,18688483,1777,1263285
nation,England,E92000001,24/09/2022,5309,19945030,4006,18683522,1303,1261508
nation,England,E92000001,23/09/2022,6006,19939721,4525,18679516,1481,1260205
nation,England,E92000001,22/09/2022,6294,19933715,4637,18674991,1657,1258724
nation,England,E92000001,21/09/2022,6940,19927421,5086,18670354,1854,1257067
nation,England,E92000001,20/09/2022,7200,19920481,5165,18665268,2035,1255213
nation,England,E92000001,19/09/2022,5702,19913281,4022,18660103,1680,1253178
nation,England,E92000001,18/09/2022,3943,19907579,2882,18656081,1061,1251498
nation,England,E92000001,17/09/2022,3188,19903636,2381,18653199,807,1250437
nation,England,E92000001,16/09/2022,3729,19900448,2762,18650818,967,1249630
nation,England,E92000001,15/09/2022,4201,19896719,3018,18648056,1183,1248663
nation,England,E92000001,14/09/2022,4451,19892518,3235,18645038,1216,1247480
nation,England,E92000001,13/09/2022,4603,19888067,3407,18641803,1196,1246264
nation,England,E92000001,12/09/2022,4749,19883464,3385,18638396,1364,1245068
nation,England,E92000001,11/09/2022,3889,19878715,2843,18635011,1046,1243704
nation,England,E92000001,10/09/2022,2861,19874826,2119,18632168,742,1242658
nation,England,E92000001,09/09/2022,3103,19871965,2326,18630049,777,1241916
nation,England,E92000001,08/09/2022,3250,19868862,2370,18627723,880,1241139
nation,England,E92000001,07/09/2022,3750,19865612,2740,18625353,1010,1240259
nation,England,E92000001,06/09/2022,3941,19861862,2869,18622613,1072,1239249
nation,England,E92000001,05/09/2022,4385,19857921,3152,18619744,1233,1238177
nation,England,E92000001,04/09/2022,3759,19853536,2770,18616592,989,1236944
nation,England,E92000001,03/09/2022,2971,19849777,2213,18613822,758,1235955
nation,England,E92000001,02/09/2022,3239,19846806,2437,18611609,802,1235197
nation,England,E92000001,01/09/2022,3760,19843567,2733,18609172,1027,1234395
nation,England,E92000001,31/08/2022,3975,19839807,2935,18606439,1040,1233368
nation,England,E92000001,30/08/2022,4474,19835832,3162,18603504,1312,1232328
nation,England,E92000001,29/08/2022,3937,19831358,2841,18600342,1096,1231016
nation,England,E92000001,28/08/2022,2882,19827421,2192,18597501,690,1229920
nation,England,E92000001,27/08/2022,2606,19824539,1978,18595309,628,1229230
nation,England,E92000001,26/08/2022,2997,19821933,2286,18593331,711,1228602
nation,England,E92000001,25/08/2022,3266,19818936,2404,18591045,862,1227891
nation,England,E92000001,24/08/2022,3913,19815670,2907,18588641,1006,1227029
nation,England,E92000001,23/08/2022,4077,19811757,3047,18585734,1030,1226023
nation,England,E92000001,22/08/2022,4575,19807680,3379,18582687,1196,1224993
nation,England,E92000001,21/08/2022,3547,19803105,2612,18579308,935,1223797
nation,England,E92000001,20/08/2022,2844,19799558,2179,18576696,665,1222862
nation,England,E92000001,19/08/2022,3317,19796714,2487,18574517,830,1222197
nation,England,E92000001,18/08/2022,3880,19793397,2892,18572030,988,1221367
nation,England,E92000001,17/08/2022,4390,19789517,3270,18569138,1120,1220379
nation,England,E92000001,16/08/2022,4832,19785127,3609,18565868,1223,1219259
nation,England,E92000001,15/08/2022,5600,19780295,4177,18562259,1423,1218036
nation,England,E92000001,14/08/2022,4781,19774695,3622,18558082,1159,1216613
nation,England,E92000001,13/08/2022,3977,19769914,3054,18554460,923,1215454
nation,England,E92000001,12/08/2022,4779,19765937,3655,18551406,1124,1214531
nation,England,E92000001,11/08/2022,5446,19761158,4082,18547751,1364,1213407
nation,England,E92000001,10/08/2022,6003,19755712,4510,18543669,1493,1212043
nation,England,E92000001,09/08/2022,6462,19749709,4926,18539159,1536,1210550
nation,England,E92000001,08/08/2022,7226,19743247,5310,18534233,1916,1209014
nation,England,E92000001,07/08/2022,5897,19736021,4491,18528923,1406,1207098
nation,England,E92000001,06/08/2022,4852,19730124,3761,18524432,1091,1205692
nation,England,E92000001,05/08/2022,5860,19725272,4491,18520671,1369,1204601
nation,England,E92000001,04/08/2022,6524,19719412,4976,18516180,1548,1203232
nation,England,E92000001,03/08/2022,7421,19712888,5728,18511204,1693,1201684
nation,England,E92000001,02/08/2022,8166,19705467,6177,18505476,1989,1199991
nation,England,E92000001,01/08/2022,8815,19697301,6650,18499299,2165,1198002
nation,England,E92000001,31/07/2022,7672,19688486,5889,18492649,1783,1195837
nation,England,E92000001,30/07/2022,6613,19680814,5146,18486760,1467,1194054
nation,England,E92000001,29/07/2022,7584,19674201,5851,18481614,1733,1192587
nation,England,E92000001,28/07/2022,8340,19666617,6351,18475763,1989,1190854
nation,England,E92000001,27/07/2022,9435,19658277,7191,18469412,2244,1188865
nation,England,E92000001,26/07/2022,10482,19648842,8053,18462221,2429,1186621
nation,England,E92000001,25/07/2022,11929,19638360,9140,18454168,2789,1184192
nation,England,E92000001,24/07/2022,10216,19626431,7841,18445028,2375,1181403
nation,England,E92000001,23/07/2022,8909,19616215,6977,18437187,1932,1179028
nation,England,E92000001,22/07/2022,11176,19607306,8656,18430210,2520,1177096
nation,England,E92000001,21/07/2022,12791,19596130,9872,18421554,2919,1174576
nation,England,E92000001,20/07/2022,14534,19583339,11291,18411682,3243,1171657
nation,England,E92000001,19/07/2022,14866,19568805,11348,18400391,3518,1168414
nation,England,E92000001,18/07/2022,16920,19553939,12798,18389043,4122,1164896
nation,England,E92000001,17/07/2022,15704,19537019,12072,18376245,3632,1160774
nation,England,E92000001,16/07/2022,13671,19521315,10675,18364173,2996,1157142
nation,England,E92000001,15/07/2022,16626,19507644,12842,18353498,3784,1154146
nation,England,E92000001,14/07/2022,19340,19491018,14752,18340656,4588,1150362
nation,England,E92000001,13/07/2022,21639,19471678,16643,18325904,4996,1145774
nation,England,E92000001,12/07/2022,24377,19450039,18606,18309261,5771,1140778
nation,England,E92000001,11/07/2022,27200,19425662,20621,18290655,6579,1135007
nation,England,E92000001,10/07/2022,23046,19398462,17808,18270034,5238,1128428
nation,England,E92000001,09/07/2022,19354,19375416,15269,18252226,4085,1123190
nation,England,E92000001,08/07/2022,22173,19356062,17504,18236957,4669,1119105
nation,England,E92000001,07/07/2022,24049,19333889,18600,18219453,5449,1114436
nation,England,E92000001,06/07/2022,26742,19309840,20650,18200853,6092,1108987
nation,England,E92000001,05/07/2022,28118,19283098,21784,18180203,6334,1102895
nation,England,E92000001,04/07/2022,30388,19254980,23338,18158419,7050,1096561
nation,England,E92000001,03/07/2022,25174,19224592,19478,18135081,5696,1089511
nation,England,E92000001,02/07/2022,19586,19199418,15546,18115603,4040,1083815
nation,England,E92000001,01/07/2022,21068,19179832,16753,18100057,4315,1079775
nation,England,E92000001,30/06/2022,21510,19158764,16834,18083304,4676,1075460
nation,England,E92000001,29/06/2022,21720,19137254,17058,18066470,4662,1070784
nation,England,E92000001,28/06/2022,21873,19115534,17365,18049412,4508,1066122
nation,England,E92000001,27/06/2022,21897,19093661,17278,18032047,4619,1061614
nation,England,E92000001,26/06/2022,18040,19071764,14412,18014769,3628,1056995
nation,England,E92000001,25/06/2022,14478,19053724,11846,18000357,2632,1053367
nation,England,E92000001,24/06/2022,15627,19039246,12680,17988511,2947,1050735
nation,England,E92000001,23/06/2022,16700,19023619,13497,17975831,3203,1047788
nation,England,E92000001,22/06/2022,17764,19006919,14461,17962334,3303,1044585
nation,England,E92000001,21/06/2022,17531,18989155,14193,17947873,3338,1041282
nation,England,E92000001,20/06/2022,16922,18971624,13614,17933680,3308,1037944
nation,England,E92000001,19/06/2022,14524,18954702,11857,17920066,2667,1034636
nation,England,E92000001,18/06/2022,11635,18940178,9652,17908209,1983,1031969
nation,England,E92000001,17/06/2022,11640,18928543,9631,17898557,2009,1029986
nation,England,E92000001,16/06/2022,11915,18916903,9655,17888926,2260,1027977
nation,England,E92000001,15/06/2022,12388,18904988,10106,17879271,2282,1025717
nation,England,E92000001,14/06/2022,12661,18892600,10410,17869165,2251,1023435
nation,England,E92000001,13/06/2022,12956,18879939,10470,17858755,2486,1021184
nation,England,E92000001,12/06/2022,10718,18866983,8838,17848285,1880,1018698
nation,England,E92000001,11/06/2022,8468,18856265,7043,17839447,1425,1016818
nation,England,E92000001,10/06/2022,9154,18847797,7639,17832404,1515,1015393
nation,England,E92000001,09/06/2022,9590,18838643,7902,17824765,1688,1013878
nation,England,E92000001,08/06/2022,9952,18829053,8184,17816863,1768,1012190
nation,England,E92000001,07/06/2022,9484,18819101,7813,17808679,1671,1010422
nation,England,E92000001,06/06/2022,9800,18809617,8049,17800866,1751,1008751
nation,England,E92000001,05/06/2022,8351,18799817,6942,17792817,1409,1007000
nation,England,E92000001,04/06/2022,6278,18791466,5358,17785875,920,1005591
nation,England,E92000001,03/06/2022,5582,18785188,4791,17780517,791,1004671
nation,England,E92000001,02/06/2022,5081,18779606,4334,17775726,747,1003880
nation,England,E92000001,01/06/2022,5713,18774525,4956,17771392,757,1003133
nation,England,E92000001,31/05/2022,5734,18768812,4904,17766436,830,1002376
nation,England,E92000001,30/05/2022,5928,18763078,5041,17761532,887,1001546
nation,England,E92000001,29/05/2022,4687,18757150,3996,17756491,691,1000659
nation,England,E92000001,28/05/2022,4153,18752463,3561,17752495,592,999968
nation,England,E92000001,27/05/2022,4495,18748310,3828,17748934,667,999376
nation,England,E92000001,26/05/2022,4819,18743815,4001,17745106,818,998709
nation,England,E92000001,25/05/2022,5191,18738996,4306,17741105,885,997891
nation,England,E92000001,24/05/2022,5593,18733805,4648,17736799,945,997006
nation,England,E92000001,23/05/2022,6248,18728212,5124,17732151,1124,996061
nation,England,E92000001,22/05/2022,5151,18721964,4345,17727027,806,994937
nation,England,E92000001,21/05/2022,4243,18716813,3589,17722682,654,994131
nation,England,E92000001,20/05/2022,5049,18712570,4240,17719093,809,993477
nation,England,E92000001,19/05/2022,5785,18707521,4733,17714853,1052,992668
nation,England,E92000001,18/05/2022,6391,18701736,5316,17710120,1075,991616
nation,England,E92000001,17/05/2022,6833,18695345,5678,17704804,1155,990541
nation,England,E92000001,16/05/2022,7886,18688512,6455,17699126,1431,989386
nation,England,E92000001,15/05/2022,6730,18680626,5637,17692671,1093,987955
nation,England,E92000001,14/05/2022,5139,18673896,4312,17687034,827,986862
nation,England,E92000001,13/05/2022,5794,18668757,4906,17682722,888,986035
nation,England,E92000001,12/05/2022,6376,18662963,5342,17677816,1034,985147
nation,England,E92000001,11/05/2022,7265,18656587,6065,17672474,1200,984113
nation,England,E92000001,10/05/2022,8155,18649322,6775,17666409,1380,982913
nation,England,E92000001,09/05/2022,8878,18641167,7334,17659634,1544,981533
nation,England,E92000001,08/05/2022,7664,18632289,6417,17652300,1247,979989
nation,England,E92000001,07/05/2022,6356,18624625,5448,17645883,908,978742
nation,England,E92000001,06/05/2022,7518,18618269,6374,17640435,1144,977834
nation,England,E92000001,05/05/2022,8594,18610751,7217,17634061,1377,976690
nation,England,E92000001,04/05/2022,9783,18602157,8242,17626844,1541,975313
nation,England,E92000001,03/05/2022,11156,18592374,9308,17618602,1848,973772
nation,England,E92000001,02/05/2022,10343,18581218,8744,17609294,1599,971924
nation,England,E92000001,01/05/2022,7718,18570875,6638,17600550,1080,970325
nation,England,E92000001,30/04/2022,6863,18563157,5944,17593912,919,969245
nation,England,E92000001,29/04/2022,7992,18556294,6860,17587968,1132,968326
nation,England,E92000001,28/04/2022,9057,18548302,7721,17581108,1336,967194
nation,England,E92000001,27/04/2022,10120,18539245,8630,17573387,1490,965858
nation,England,E92000001,26/04/2022,11294,18529125,9635,17564757,1659,964368
nation,England,E92000001,25/04/2022,13401,18517831,11283,17555122,2118,962709
nation,England,E92000001,24/04/2022,11867,18504430,10248,17543839,1619,960591
nation,England,E92000001,23/04/2022,10572,18492563,9263,17533591,1309,958972
nation,England,E92000001,22/04/2022,12528,18481991,10856,17524328,1672,957663
nation,England,E92000001,21/04/2022,14520,18469463,12571,17513472,1949,955991
nation,England,E92000001,20/04/2022,16973,18454943,14772,17500901,2201,954042
nation,England,E92000001,19/04/2022,20595,18437970,17778,17486129,2817,951841
nation,England,E92000001,18/04/2022,20567,18417375,17874,17468351,2693,949024
nation,England,E92000001,17/04/2022,16262,18396808,14390,17450477,1872,946331
nation,England,E92000001,16/04/2022,16091,18380546,14362,17436087,1729,944459
nation,England,E92000001,15/04/2022,17305,18364455,15381,17421725,1924,942730
nation,England,E92000001,14/04/2022,21435,18347150,18975,17406344,2460,940806
nation,England,E92000001,13/04/2022,25507,18325715,22618,17387369,2889,938346
nation,England,E92000001,12/04/2022,27383,18300208,24179,17364751,3204,935457
nation,England,E92000001,11/04/2022,30598,18272825,26942,17340572,3656,932253
nation,England,E92000001,10/04/2022,25641,18242227,22870,17313630,2771,928597
nation,England,E92000001,09/04/2022,23015,18216586,20509,17290760,2506,925826
nation,England,E92000001,08/04/2022,27393,18193571,24310,17270251,3083,923320
nation,England,E92000001,07/04/2022,31746,18166178,27980,17245941,3766,920237
nation,England,E92000001,06/04/2022,36891,18134432,32602,17217961,4289,916471
nation,England,E92000001,05/04/2022,40393,18097541,35749,17185359,4644,912182
nation,England,E92000001,04/04/2022,45142,18057148,39810,17149610,5332,907538
nation,England,E92000001,03/04/2022,35605,18012006,31744,17109800,3861,902206
nation,England,E92000001,02/04/2022,31610,17976401,28262,17078056,3348,898345
nation,England,E92000001,01/04/2022,40343,17944791,35906,17049794,4437,894997
nation,England,E92000001,31/03/2022,45881,17904448,40709,17013888,5172,890560
nation,England,E92000001,30/03/2022,62750,17858567,55347,16973179,7403,885388
nation,England,E92000001,29/03/2022,67440,17795817,59378,16917832,8062,877985
nation,England,E92000001,28/03/2022,78912,17728377,69237,16858454,9675,869923
nation,England,E92000001,27/03/2022,58001,17649465,51350,16789217,6651,860248
nation,England,E92000001,26/03/2022,51778,17591464,46260,16737867,5518,853597
nation,England,E92000001,25/03/2022,60259,17539686,53552,16691607,6707,848079
nation,England,E92000001,24/03/2022,68604,17479427,60941,16638055,7663,841372
nation,England,E92000001,23/03/2022,77598,17410823,68845,16577114,8753,833709
nation,England,E92000001,22/03/2022,81847,17333225,72559,16508269,9288,824956
nation,England,E92000001,21/03/2022,89909,17251378,79361,16435710,10548,815668
nation,England,E92000001,20/03/2022,66905,17161469,59478,16356349,7427,805120
nation,England,E92000001,19/03/2022,55212,17094564,49583,16296871,5629,797693
nation,England,E92000001,18/03/2022,61907,17039352,55421,16247288,6486,792064
nation,England,E92000001,17/03/2022,67687,16977445,60472,16191867,7215,785578
nation,England,E92000001,16/03/2022,73954,16909758,66033,16131395,7921,778363
nation,England,E92000001,15/03/2022,74103,16835804,66270,16065362,7833,770442
nation,England,E92000001,14/03/2022,79518,16761701,70931,15999092,8587,762609
nation,England,E92000001,13/03/2022,60271,16682183,53987,15928161,6284,754022
nation,England,E92000001,12/03/2022,49163,16621912,44267,15874174,4896,747738
nation,England,E92000001,11/03/2022,52272,16572749,47066,15829907,5206,742842
nation,England,E92000001,10/03/2022,54301,16520477,48777,15782841,5524,737636
nation,England,E92000001,09/03/2022,55492,16466176,49875,15734064,5617,732112
nation,England,E92000001,08/03/2022,52343,16410684,47058,15684189,5285,726495
nation,England,E92000001,07/03/2022,50983,16358341,45549,15637131,5434,721210
nation,England,E92000001,06/03/2022,35914,16307358,32402,15591582,3512,715776
nation,England,E92000001,05/03/2022,28508,16271444,25911,15559180,2597,712264
nation,England,E92000001,04/03/2022,30605,16242936,27716,15533269,2889,709667
nation,England,E92000001,03/03/2022,31533,16212331,28490,15505553,3043,706778
nation,England,E92000001,02/03/2022,33361,16180798,30086,15477063,3275,703735
nation,England,E92000001,01/03/2022,31863,16147437,28987,15446977,2876,700460
nation,England,E92000001,28/02/2022,31865,16115574,28815,15417990,3050,697584
nation,England,E92000001,27/02/2022,22165,16083709,20134,15389175,2031,694534
nation,England,E92000001,26/02/2022,17604,16061544,16127,15369041,1477,692503
nation,England,E92000001,25/02/2022,19532,16043940,17766,15352914,1766,691026
nation,England,E92000001,24/02/2022,21883,16024408,19801,15335148,2082,689260
nation,England,E92000001,23/02/2022,26008,16002525,23618,15315347,2390,687178
nation,England,E92000001,22/02/2022,28017,15976517,25328,15291729,2689,684788
nation,England,E92000001,21/02/2022,33034,15948500,29914,15266401,3120,682099
nation,England,E92000001,20/02/2022,28410,15915466,25903,15236487,2507,678979
nation,England,E92000001,19/02/2022,26429,15887056,24156,15210584,2273,676472
nation,England,E92000001,18/02/2022,24924,15860627,22667,15186428,2257,674199
nation,England,E92000001,17/02/2022,34168,15835703,30958,15163761,3210,671942
nation,England,E92000001,16/02/2022,39444,15801535,35727,15132803,3717,668732
nation,England,E92000001,15/02/2022,40145,15762091,36339,15097076,3806,665015
nation,England,E92000001,14/02/2022,42492,15721946,38432,15060737,4060,661209
nation,England,E92000001,13/02/2022,32326,15679454,29342,15022305,2984,657149
nation,England,E92000001,12/02/2022,29142,15647128,26641,14992963,2501,654165
nation,England,E92000001,11/02/2022,34943,15617986,31725,14966322,3218,651664
nation,England,E92000001,10/02/2022,41331,15583043,37253,14934597,4078,648446
nation,England,E92000001,09/02/2022,51014,15541712,45962,14897344,5052,644368
nation,England,E92000001,08/02/2022,55437,15490698,49986,14851382,5451,639316
nation,England,E92000001,07/02/2022,62672,15435261,56299,14801396,6373,633865
nation,England,E92000001,06/02/2022,50146,15372589,45156,14745097,4990,627492
nation,England,E92000001,05/02/2022,43233,15322443,39305,14699941,3928,622502
nation,England,E92000001,04/02/2022,52556,15279210,47717,14660636,4839,618574
nation,England,E92000001,03/02/2022,64032,15226654,57739,14612919,6293,613735
nation,England,E92000001,02/02/2022,73908,15162622,66619,14555180,7289,607442
nation,England,E92000001,01/02/2022,78512,15088714,70498,14488561,8014,600153
nation,England,E92000001,31/01/2022,88503,15010202,79484,14418063,9019,592139
nation,England,E92000001,30/01/2022,74980,14921699,67587,14338579,7393,583120
nation,England,E92000001,29/01/2022,63024,14846719,57278,14270992,5746,575727
nation,England,E92000001,28/01/2022,71682,14783695,64864,14213714,6818,569981
nation,England,E92000001,27/01/2022,82727,14712013,74670,14148850,8057,563163
nation,England,E92000001,26/01/2022,93211,14629286,83994,14074180,9217,555106
nation,England,E92000001,25/01/2022,96954,14536075,87344,13990186,9610,545889
nation,England,E92000001,24/01/2022,109233,14439121,98278,13902842,10955,536279
nation,England,E92000001,23/01/2022,88557,14329888,80098,13804564,8459,525324
nation,England,E92000001,22/01/2022,70483,14241331,64190,13724466,6293,516865
nation,England,E92000001,21/01/2022,79173,14170848,71811,13660276,7362,510572
nation,England,E92000001,20/01/2022,86953,14091675,78896,13588465,8057,503210
nation,England,E92000001,19/01/2022,97334,14004722,88152,13509569,9182,495153
nation,England,E92000001,18/01/2022,103308,13907388,93489,13421417,9819,485971
nation,England,E92000001,17/01/2022,114776,13804080,103816,13327928,10960,476152
nation,England,E92000001,16/01/2022,85599,13689304,77694,13224112,7905,465192
nation,England,E92000001,15/01/2022,67820,13603705,62053,13146418,5767,457287
nation,England,E92000001,14/01/2022,75174,13535885,68447,13084365,6727,451520
nation,England,E92000001,13/01/2022,84133,13460711,76294,13015918,7839,444793
nation,England,E92000001,12/01/2022,90002,13376578,81440,12939624,8562,436954
nation,England,E92000001,11/01/2022,100980,13286576,91496,12858184,9484,428392
nation,England,E92000001,10/01/2022,116341,13185596,105280,12766688,11061,418908
nation,England,E92000001,09/01/2022,83079,13069255,75304,12661408,7775,407847
nation,England,E92000001,08/01/2022,81219,12986176,73717,12586104,7502,400072
nation,England,E92000001,07/01/2022,105080,12904957,94765,12512387,10315,392570
nation,England,E92000001,06/01/2022,150787,12799877,134877,12417622,15910,382255
nation,England,E92000001,05/01/2022,183803,12649090,164549,12282745,19254,366345
nation,England,E92000001,04/01/2022,234872,12465287,210588,12118196,24284,347091
nation,England,E92000001,03/01/2022,193616,12230415,173525,11907608,20091,322807
nation,England,E92000001,02/01/2022,148609,12036799,133959,11734083,14650,302716
nation,England,E92000001,01/01/2022,99304,11888190,90306,11600124,8998,288066
nation,England,E92000001,31/12/2021,152886,11788886,138926,11509818,13960,279068
nation,England,E92000001,30/12/2021,192824,11636000,175036,11370892,17788,265108
nation,England,E92000001,29/12/2021,224030,11443176,204430,11195856,19600,247320
nation,England,E92000001,28/12/2021,170584,11219146,155665,10991426,14919,227720
nation,England,E92000001,27/12/2021,155566,11048562,142562,10835761,13004,212801
nation,England,E92000001,26/12/2021,98916,10892996,91201,10693199,7715,199797
nation,England,E92000001,25/12/2021,59912,10794080,55562,10601998,4350,192082
nation,England,E92000001,24/12/2021,117562,10734168,108028,10546436,9534,187732
nation,England,E92000001,23/12/2021,137021,10616606,125445,10438408,11576,178198
nation,England,E92000001,22/12/2021,138142,10479585,126489,10312963,11653,166622
nation,England,E92000001,21/12/2021,129599,10341443,119021,10186474,10578,154969
nation,England,E92000001,20/12/2021,117576,10211844,108417,10067453,9159,144391
nation,England,E92000001,19/12/2021,78497,10094268,72713,9959036,5784,135232
nation,England,E92000001,18/12/2021,78930,10015771,73210,9886323,5720,129448
nation,England,E92000001,17/12/2021,84967,9936841,78647,9813113,6320,123728
nation,England,E92000001,16/12/2021,93803,9851874,86929,9734466,6874,117408
nation,England,E92000001,15/12/2021,99653,9758071,92593,9647537,7060,110534
nation,England,E92000001,14/12/2021,90717,9658418,84773,9554944,5944,103474
nation,England,E92000001,13/12/2021,76507,9567701,72509,9470171,3998,97530
nation,England,E92000001,12/12/2021,46367,9491194,44506,9397662,1861,93532
nation,England,E92000001,11/12/2021,41940,9444827,40517,9353156,1423,91671
nation,England,E92000001,10/12/2021,45017,9402887,43538,9312639,1479,90248
nation,England,E92000001,09/12/2021,48816,9357870,47247,9269101,1569,88769
nation,England,E92000001,08/12/2021,50059,9309054,48591,9221854,1468,87200
nation,England,E92000001,07/12/2021,48146,9258995,46904,9173263,1242,85732
nation,England,E92000001,06/12/2021,51122,9210849,49978,9126359,1144,84490
nation,England,E92000001,05/12/2021,35037,9159727,34455,9076381,582,83346
nation,England,E92000001,04/12/2021,33379,9124690,32836,9041926,543,82764
nation,England,E92000001,03/12/2021,39222,9091311,38624,9009090,598,82221
nation,England,E92000001,02/12/2021,43045,9052089,42393,8970466,652,81623
nation,England,E92000001,01/12/2021,47263,9009044,46562,8928073,701,80971
nation,England,E92000001,30/11/2021,47631,8961781,46945,8881511,686,80270
nation,England,E92000001,29/11/2021,47940,8914150,47192,8834566,748,79584
nation,England,E92000001,28/11/2021,33857,8866210,33400,8787374,457,78836
nation,England,E92000001,27/11/2021,28459,8832353,28080,8753974,379,78379
nation,England,E92000001,26/11/2021,33666,8803894,33212,8725894,454,78000
nation,England,E92000001,25/11/2021,37142,8770228,36587,8692682,555,77546
nation,England,E92000001,24/11/2021,39880,8733086,39314,8656095,566,76991
nation,England,E92000001,23/11/2021,41015,8693206,40483,8616781,532,76425
nation,England,E92000001,22/11/2021,42868,8652191,42309,8576298,559,75893
nation,England,E92000001,21/11/2021,31763,8609323,31360,8533989,403,75334
nation,England,E92000001,20/11/2021,29868,8577560,29498,8502629,370,74931
nation,England,E92000001,19/11/2021,33186,8547692,32774,8473131,412,74561
nation,England,E92000001,18/11/2021,37097,8514506,36605,8440357,492,74149
nation,England,E92000001,17/11/2021,38256,8477409,37770,8403752,486,73657
nation,England,E92000001,16/11/2021,38656,8439153,38112,8365982,544,73171
nation,England,E92000001,15/11/2021,42477,8400497,41891,8327870,586,72627
nation,England,E92000001,14/11/2021,29599,8358020,29241,8285979,358,72041
nation,England,E92000001,13/11/2021,27357,8328421,27041,8256738,316,71683
nation,England,E92000001,12/11/2021,31337,8301064,30918,8229697,419,71367
nation,England,E92000001,11/11/2021,33700,8269727,33234,8198779,466,70948
nation,England,E92000001,10/11/2021,35390,8236027,34911,8165545,479,70482
nation,England,E92000001,09/11/2021,34679,8200637,34204,8130634,475,70003
nation,England,E92000001,08/11/2021,36138,8165958,35607,8096430,531,69528
nation,England,E92000001,07/11/2021,25447,8129820,25107,8060823,340,68997
nation,England,E92000001,06/11/2021,22581,8104373,22280,8035716,301,68657
nation,England,E92000001,05/11/2021,24405,8081792,24039,8013436,366,68356
nation,England,E92000001,04/11/2021,27378,8057387,27032,7989397,346,67990
nation,England,E92000001,03/11/2021,29396,8030009,29014,7962365,382,67644
nation,England,E92000001,02/11/2021,31328,8000613,30911,7933351,417,67262
nation,England,E92000001,01/11/2021,37663,7969285,37115,7902440,548,66845
nation,England,E92000001,31/10/2021,29564,7931622,29166,7865325,398,66297
nation,England,E92000001,30/10/2021,28243,7902058,27952,7836159,291,65899
nation,England,E92000001,29/10/2021,33995,7873815,33562,7808207,433,65608
nation,England,E92000001,28/10/2021,35077,7839820,34647,7774645,430,65175
nation,England,E92000001,27/10/2021,36524,7804743,36100,7739998,424,64745
nation,England,E92000001,26/10/2021,35276,7768219,34861,7703898,415,64321
nation,England,E92000001,25/10/2021,39957,7732943,39459,7669037,498,63906
nation,England,E92000001,24/10/2021,30092,7692986,29748,7629578,344,63408
nation,England,E92000001,23/10/2021,29747,7662894,29419,7599830,328,63064
nation,England,E92000001,22/10/2021,34507,7633147,34088,7570411,419,62736
nation,England,E92000001,21/10/2021,38580,7598640,38112,7536323,468,62317
nation,England,E92000001,20/10/2021,43963,7560060,43482,7498211,481,61849
nation,England,E92000001,19/10/2021,44630,7516097,44105,7454729,525,61368
nation,England,E92000001,18/10/2021,49257,7471467,48654,7410624,603,60843
nation,England,E92000001,17/10/2021,37502,7422210,37121,7361970,381,60240
nation,England,E92000001,16/10/2021,31639,7384708,31301,7324849,338,59859
nation,England,E92000001,15/10/2021,36631,7353069,36254,7293548,377,59521
nation,England,E92000001,14/10/2021,39263,7316438,38782,7257294,481,59144
nation,England,E92000001,13/10/2021,40546,7277175,40095,7218512,451,58663
nation,England,E92000001,12/10/2021,40892,7236629,40395,7178417,497,58212
nation,England,E92000001,11/10/2021,43115,7195737,42656,7138022,459,57715
nation,England,E92000001,10/10/2021,31499,7152622,31160,7095366,339,57256
nation,England,E92000001,09/10/2021,27180,7121123,26865,7064206,315,56917
nation,England,E92000001,08/10/2021,29847,7093943,29494,7037341,353,56602
nation,England,E92000001,07/10/2021,32158,7064096,31790,7007847,368,56249
nation,England,E92000001,06/10/2021,32547,7031938,32176,6976057,371,55881
nation,England,E92000001,05/10/2021,32268,6999391,31874,6943881,394,55510
nation,England,E92000001,04/10/2021,36476,6967123,36086,6912007,390,55116
nation,England,E92000001,03/10/2021,27137,6930647,26847,6875921,290,54726
nation,England,E92000001,02/10/2021,21873,6903510,21655,6849074,218,54436
nation,England,E92000001,01/10/2021,24134,6881637,23857,6827419,277,54218
nation,England,E92000001,30/09/2021,26809,6857503,26504,6803562,305,53941
nation,England,E92000001,29/09/2021,28688,6830694,28378,6777058,310,53636
nation,England,E92000001,28/09/2021,29627,6802006,29265,6748680,362,53326
nation,England,E92000001,27/09/2021,34595,6772379,34165,6719415,430,52964
nation,England,E92000001,26/09/2021,26814,6737784,26477,6685250,337,52534
nation,England,E92000001,25/09/2021,23389,6710970,23118,6658773,271,52197
nation,England,E92000001,24/09/2021,25754,6687581,25426,6635655,328,51926
nation,England,E92000001,23/09/2021,28340,6661827,27940,6610229,400,51598
nation,England,E92000001,22/09/2021,28789,6633487,28435,6582289,354,51198
nation,England,E92000001,21/09/2021,30547,6604698,30181,6553854,366,50844
nation,England,E92000001,20/09/2021,32121,6574151,31714,6523673,407,50478
nation,England,E92000001,19/09/2021,24789,6542030,24479,6491959,310,50071
nation,England,E92000001,18/09/2021,20926,6517241,20672,6467480,254,49761
nation,England,E92000001,17/09/2021,22375,6496315,22113,6446808,262,49507
nation,England,E92000001,16/09/2021,22319,6473940,22040,6424695,279,49245
nation,England,E92000001,15/09/2021,22414,6451621,22148,6402655,266,48966
nation,England,E92000001,14/09/2021,22640,6429207,22343,6380507,297,48700
nation,England,E92000001,13/09/2021,25199,6406567,24869,6358164,330,48403
nation,England,E92000001,12/09/2021,17879,6381368,17643,6333295,236,48073
nation,England,E92000001,11/09/2021,16956,6363489,16740,6315652,216,47837
nation,England,E92000001,10/09/2021,21031,6346533,20736,6298912,295,47621
nation,England,E92000001,09/09/2021,24440,6325502,24122,6278176,318,47326
nation,England,E92000001,08/09/2021,25660,6301062,25271,6254054,389,47008
nation,England,E92000001,07/09/2021,27938,6275402,27585,6228783,353,46619
nation,England,E92000001,06/09/2021,33135,6247464,32685,6201198,450,46266
nation,England,E92000001,05/09/2021,23457,6214329,23160,6168513,297,45816
nation,England,E92000001,04/09/2021,23409,6190872,23140,6145353,269,45519
nation,England,E92000001,03/09/2021,28728,6167463,28366,6122213,362,45250
nation,England,E92000001,02/09/2021,30636,6138735,30229,6093847,407,44888
nation,England,E92000001,01/09/2021,31601,6108099,31217,6063618,384,44481
nation,England,E92000001,31/08/2021,33565,6076498,33122,6032401,443,44097
nation,England,E92000001,30/08/2021,24972,6042933,24647,5999279,325,43654
nation,England,E92000001,29/08/2021,19152,6017961,18909,5974632,243,43329
nation,England,E92000001,28/08/2021,20138,5998809,19903,5955723,235,43086
nation,England,E92000001,27/08/2021,24252,5978671,23953,5935820,299,42851
nation,England,E92000001,26/08/2021,26482,5954419,26116,5911867,366,42552
nation,England,E92000001,25/08/2021,27901,5927937,27545,5885751,356,42186
nation,England,E92000001,24/08/2021,28212,5900036,27836,5858206,376,41830
nation,England,E92000001,23/08/2021,30333,5871824,29948,5830370,385,41454
nation,England,E92000001,22/08/2021,22409,5841491,22157,5800422,252,41069
nation,England,E92000001,21/08/2021,22603,5819082,22341,5778265,262,40817
nation,England,E92000001,20/08/2021,25555,5796479,25234,5755924,321,40555
nation,England,E92000001,19/08/2021,29080,5770924,28676,5730690,404,40234
nation,England,E92000001,18/08/2021,31426,5741844,30979,5702014,447,39830
nation,England,E92000001,17/08/2021,31095,5710418,30626,5671035,469,39383
nation,England,E92000001,16/08/2021,30860,5679323,30423,5640409,437,38914
nation,England,E92000001,15/08/2021,21280,5648463,21019,5609986,261,38477
nation,England,E92000001,14/08/2021,21336,5627183,21103,5588967,233,38216
nation,England,E92000001,13/08/2021,24991,5605847,24670,5567864,321,37983
nation,England,E92000001,12/08/2021,27690,5580856,27304,5543194,386,37662
nation,England,E92000001,11/08/2021,29134,5553166,28778,5515890,356,37276
nation,England,E92000001,10/08/2021,27610,5524032,27216,5487112,394,36920
nation,England,E92000001,09/08/2021,28292,5496422,27877,5459896,415,36526
nation,England,E92000001,08/08/2021,20157,5468130,19901,5432019,256,36111
nation,England,E92000001,07/08/2021,19957,5447973,19678,5412118,279,35855
nation,England,E92000001,06/08/2021,24851,5428016,24500,5392440,351,35576
nation,England,E92000001,05/08/2021,28125,5403165,27757,5367940,368,35225
nation,England,E92000001,04/08/2021,28895,5375040,28499,5340183,396,34857
nation,England,E92000001,03/08/2021,27061,5346145,26696,5311684,365,34461
nation,England,E92000001,02/08/2021,26580,5319084,26198,5284988,382,34096
nation,England,E92000001,01/08/2021,18714,5292504,18472,5258790,242,33714
nation,England,E92000001,31/07/2021,18449,5273790,18172,5240318,277,33472
nation,England,E92000001,30/07/2021,22110,5255341,21789,5222146,321,33195
nation,England,E92000001,29/07/2021,25361,5233231,25012,5200357,349,32874
nation,England,E92000001,28/07/2021,26925,5207870,26568,5175345,357,32525
nation,England,E92000001,27/07/2021,26027,5180945,25651,5148777,376,32168
nation,England,E92000001,26/07/2021,26540,5154918,26173,5123126,367,31792
nation,England,E92000001,25/07/2021,19657,5128378,19405,5096953,252,31425
nation,England,E92000001,24/07/2021,20276,5108721,20013,5077548,263,31173
nation,England,E92000001,23/07/2021,24586,5088445,24280,5057535,306,30910
nation,England,E92000001,22/07/2021,27711,5063859,27382,5033255,329,30604
nation,England,E92000001,21/07/2021,31676,5036148,31292,5005873,384,30275
nation,England,E92000001,20/07/2021,35948,5004472,35418,4974581,530,29891
nation,England,E92000001,19/07/2021,43401,4968524,42819,4939163,582,29361
nation,England,E92000001,18/07/2021,33163,4925123,32765,4896344,398,28779
nation,England,E92000001,17/07/2021,35280,4891960,34904,4863579,376,28381
nation,England,E92000001,16/07/2021,51138,4856680,50519,4828675,619,28005
nation,England,E92000001,15/07/2021,57583,4805542,56823,4778156,760,27386
nation,England,E92000001,14/07/2021,50320,4747959,49653,4721333,667,26626
nation,England,E92000001,13/07/2021,43246,4697639,42656,4671680,590,25959
nation,England,E92000001,12/07/2021,40478,4654393,39958,4629024,520,25369
nation,England,E92000001,11/07/2021,27418,4613915,27133,4589066,285,24849
nation,England,E92000001,10/07/2021,25411,4586497,25117,4561933,294,24564
nation,England,E92000001,09/07/2021,29049,4561086,28692,4536816,357,24270
nation,England,E92000001,08/07/2021,29927,4532037,29536,4508124,391,23913
nation,England,E92000001,07/07/2021,34274,4502110,33813,4478588,461,23522
nation,England,E92000001,06/07/2021,31627,4467836,31200,4444775,427,23061
nation,England,E92000001,05/07/2021,30215,4436209,29762,4413575,453,22634
nation,England,E92000001,04/07/2021,21806,4405994,21525,4383813,281,22181
nation,England,E92000001,03/07/2021,20638,4384188,20365,4362288,273,21900
nation,England,E92000001,02/07/2021,22288,4363550,21956,4341923,332,21627
nation,England,E92000001,01/07/2021,24267,4341262,23840,4319967,427,21295
nation,England,E92000001,30/06/2021,23941,4316995,23593,4296127,348,20868
nation,England,E92000001,29/06/2021,23250,4293054,22881,4272534,369,20520
nation,England,E92000001,28/06/2021,23511,4269804,23077,4249653,434,20151
nation,England,E92000001,27/06/2021,15407,4246293,15150,4226576,257,19717
nation,England,E92000001,26/06/2021,13486,4230886,13273,4211426,213,19460
nation,England,E92000001,25/06/2021,14901,4217400,14626,4198153,275,19247
nation,England,E92000001,24/06/2021,15082,4202499,14813,4183527,269,18972
nation,England,E92000001,23/06/2021,14806,4187417,14524,4168714,282,18703
nation,England,E92000001,22/06/2021,13564,4172611,13316,4154190,248,18421
nation,England,E92000001,21/06/2021,12708,4159047,12487,4140874,221,18173
nation,England,E92000001,20/06/2021,8204,4146339,8066,4128387,138,17952
nation,England,E92000001,19/06/2021,7127,4138135,6990,4120321,137,17814
nation,England,E92000001,18/06/2021,8772,4131008,8565,4113331,207,17677
nation,England,E92000001,17/06/2021,9523,4122236,9293,4104766,230,17470
nation,England,E92000001,16/06/2021,9411,4112713,9240,4095473,171,17240
nation,England,E92000001,15/06/2021,9154,4103302,8936,4086233,218,17069
nation,England,E92000001,14/06/2021,8941,4094148,8766,4077297,175,16851
nation,England,E92000001,13/06/2021,6075,4085207,5957,4068531,118,16676
nation,England,E92000001,12/06/2021,5422,4079132,5310,4062574,112,16558
nation,England,E92000001,11/06/2021,6510,4073710,6375,4057264,135,16446
nation,England,E92000001,10/06/2021,6717,4067200,6582,4050889,135,16311
nation,England,E92000001,09/06/2021,6919,4060483,6794,4044307,125,16176
nation,England,E92000001,08/06/2021,6630,4053564,6476,4037513,154,16051
nation,England,E92000001,07/06/2021,6790,4046934,6648,4031037,142,15897
nation,England,E92000001,06/06/2021,4730,4040144,4641,4024389,89,15755
nation,England,E92000001,05/06/2021,3964,4035414,3909,4019748,55,15666
nation,England,E92000001,04/06/2021,4885,4031450,4797,4015839,88,15611
nation,England,E92000001,03/06/2021,5131,4026565,5019,4011042,112,15523
nation,England,E92000001,02/06/2021,5039,4021434,4952,4006023,87,15411
nation,England,E92000001,01/06/2021,4515,4016395,4391,4001071,124,15324
nation,England,E92000001,31/05/2021,3170,4011880,3089,3996680,81,15200
nation,England,E92000001,30/05/2021,2598,4008710,2551,3993591,47,15119
nation,England,E92000001,29/05/2021,2462,4006112,2420,3991040,42,15072
nation,England,E92000001,28/05/2021,2929,4003650,2853,3988620,76,15030
nation,England,E92000001,27/05/2021,3075,4000721,2990,3985767,85,14954
nation,England,E92000001,26/05/2021,3179,3997646,3099,3982777,80,14869
nation,England,E92000001,25/05/2021,2797,3994467,2712,3979678,85,14789
nation,England,E92000001,24/05/2021,2750,3991670,2659,3976966,91,14704
nation,England,E92000001,23/05/2021,1918,3988920,1863,3974307,55,14613
nation,England,E92000001,22/05/2021,1606,3987002,1554,3972444,52,14558
nation,England,E92000001,21/05/2021,1871,3985396,1821,3970890,50,14506
nation,England,E92000001,20/05/2021,2000,3983525,1934,3969069,66,14456
nation,England,E92000001,19/05/2021,2261,3981525,2194,3967135,67,14390
nation,England,E92000001,18/05/2021,2241,3979264,2165,3964941,76,14323
nation,England,E92000001,17/05/2021,2341,3977023,2264,3962776,77,14247
nation,England,E92000001,16/05/2021,1587,3974682,1542,3960512,45,14170
nation,England,E92000001,15/05/2021,1306,3973095,1271,3958970,35,14125
nation,England,E92000001,14/05/2021,1540,3971789,1482,3957699,58,14090
nation,England,E92000001,13/05/2021,1737,3970249,1679,3956217,58,14032
nation,England,E92000001,12/05/2021,1869,3968512,1798,3954538,71,13974
nation,England,E92000001,11/05/2021,1871,3966643,1805,3952740,66,13903
nation,England,E92000001,10/05/2021,2325,3964772,2260,3950935,65,13837
nation,England,E92000001,09/05/2021,1985,3962447,1915,3948675,70,13772
nation,England,E92000001,08/05/2021,1301,3960462,1260,3946760,41,13702
nation,England,E92000001,07/05/2021,1657,3959161,1599,3945500,58,13661
nation,England,E92000001,06/05/2021,1967,3957504,1884,3943901,83,13603
nation,England,E92000001,05/05/2021,2203,3955537,2109,3942017,94,13520
nation,England,E92000001,04/05/2021,2200,3953334,2121,3939908,79,13426
nation,England,E92000001,03/05/2021,1806,3951134,1752,3937787,54,13347
nation,England,E92000001,02/05/2021,1305,3949328,1257,3936035,48,13293
nation,England,E92000001,01/05/2021,1210,3948023,1167,3934778,43,13245
nation,England,E92000001,30/04/2021,1528,3946813,1456,3933611,72,13202
nation,England,E92000001,29/04/2021,1901,3945285,1819,3932155,82,13130
nation,England,E92000001,28/04/2021,2153,3943384,2080,3930336,73,13048
nation,England,E92000001,27/04/2021,1809,3941231,1750,3928256,59,12975
nation,England,E92000001,26/04/2021,2268,3939422,2164,3926506,104,12916
nation,England,E92000001,25/04/2021,1897,3937154,1831,3924342,66,12812
nation,England,E92000001,24/04/2021,1300,3935257,1256,3922511,44,12746
nation,England,E92000001,23/04/2021,1701,3933957,1626,3921255,75,12702
nation,England,E92000001,22/04/2021,2032,3932256,1944,3919629,88,12627
nation,England,E92000001,21/04/2021,2298,3930224,2215,3917685,83,12539
nation,England,E92000001,20/04/2021,2112,3927926,2005,3915470,107,12456
nation,England,E92000001,19/04/2021,2268,3925814,2182,3913465,86,12349
nation,England,E92000001,18/04/2021,2281,3923546,2214,3911283,67,12263
nation,England,E92000001,17/04/2021,1398,3921265,1361,3909069,37,12196
nation,England,E92000001,16/04/2021,1963,3919867,1902,3907708,61,12159
nation,England,E92000001,15/04/2021,1959,3917904,1885,3905806,74,12098
nation,England,E92000001,14/04/2021,2068,3915945,2009,3903921,59,12024
nation,England,E92000001,13/04/2021,2060,3913877,1981,3901912,79,11965
nation,England,E92000001,12/04/2021,2399,3911817,2317,3899931,82,11886
nation,England,E92000001,11/04/2021,2020,3909418,1983,3897614,37,11804
nation,England,E92000001,10/04/2021,2009,3907398,1972,3895631,37,11767
nation,England,E92000001,09/04/2021,2482,3905389,2420,3893659,62,11730
nation,England,E92000001,08/04/2021,2651,3902907,2573,3891239,78,11668
nation,England,E92000001,07/04/2021,2752,3900256,2688,3888666,64,11590
nation,England,E92000001,06/04/2021,2756,3897504,2681,3885978,75,11526
nation,England,E92000001,05/04/2021,2314,3894748,2269,3883297,45,11451
nation,England,E92000001,04/04/2021,2043,3892434,2006,3881028,37,11406
nation,England,E92000001,03/04/2021,2120,3890391,2094,3879022,26,11369
nation,England,E92000001,02/04/2021,2248,3888271,2212,3876928,36,11343
nation,England,E92000001,01/04/2021,3067,3886023,3015,3874716,52,11307
nation,England,E92000001,31/03/2021,3340,3882956,3284,3871701,56,11255
nation,England,E92000001,30/03/2021,3135,3879616,3079,3868417,56,11199
nation,England,E92000001,29/03/2021,3422,3876481,3363,3865338,59,11143
nation,England,E92000001,28/03/2021,4476,3873059,4415,3861975,61,11084
nation,England,E92000001,27/03/2021,3136,3868583,3097,3857560,39,11023
nation,England,E92000001,26/03/2021,3803,3865447,3756,3854463,47,10984
nation,England,E92000001,25/03/2021,4674,3861644,4609,3850707,65,10937
nation,England,E92000001,24/03/2021,5321,3856970,5252,3846098,69,10872
nation,England,E92000001,23/03/2021,4566,3851649,4505,3840846,61,10803
nation,England,E92000001,22/03/2021,5399,3847083,5340,3836341,59,10742
nation,England,E92000001,21/03/2021,4679,3841684,4630,3831001,49,10683
nation,England,E92000001,20/03/2021,3514,3837005,3485,3826371,29,10634
nation,England,E92000001,19/03/2021,4333,3833491,4278,3822886,55,10605
nation,England,E92000001,18/03/2021,4689,3829158,4658,3818608,31,10550
nation,England,E92000001,17/03/2021,5048,3824469,5001,3813950,47,10519
nation,England,E92000001,16/03/2021,4933,3819421,4889,3808949,44,10472
nation,England,E92000001,15/03/2021,5643,3814488,5589,3804060,54,10428
nation,England,E92000001,14/03/2021,3707,3808845,3676,3798471,31,10374
nation,England,E92000001,13/03/2021,3592,3805138,3564,3794795,28,10343
nation,England,E92000001,12/03/2021,4767,3801546,4730,3791231,37,10315
nation,England,E92000001,11/03/2021,4848,3796779,4809,3786501,39,10278
nation,England,E92000001,10/03/2021,5223,3791931,5165,3781692,58,10239
nation,England,E92000001,09/03/2021,5488,3786708,5409,3776527,79,10181
nation,England,E92000001,08/03/2021,5817,3781220,5733,3771118,84,10102
nation,England,E92000001,07/03/2021,3677,3775403,3648,3765385,29,10018
nation,England,E92000001,06/03/2021,3832,3771726,3809,3761737,23,9989
nation,England,E92000001,05/03/2021,4728,3767894,4678,3757928,50,9966
nation,England,E92000001,04/03/2021,5011,3763166,4956,3753250,55,9916
nation,England,E92000001,03/03/2021,5305,3758155,5252,3748294,53,9861
nation,England,E92000001,02/03/2021,5951,3752850,5856,3743042,95,9808
nation,England,E92000001,01/03/2021,6215,3746899,6088,3737186,127,9713
nation,England,E92000001,28/02/2021,4112,3740684,4080,3731098,32,9586
nation,England,E92000001,27/02/2021,4254,3736572,4230,3727018,24,9554
nation,England,E92000001,26/02/2021,5883,3732318,5831,3722788,52,9530
nation,England,E92000001,25/02/2021,6935,3726435,6832,3716957,103,9478
nation,England,E92000001,24/02/2021,7620,3719500,7525,3710125,95,9375
nation,England,E92000001,23/02/2021,8536,3711880,8424,3702600,112,9280
nation,England,E92000001,22/02/2021,10278,3703344,10120,3694176,158,9168
nation,England,E92000001,21/02/2021,7032,3693066,6986,3684056,46,9010
nation,England,E92000001,20/02/2021,7161,3686034,7113,3677070,48,8964
nation,England,E92000001,19/02/2021,9246,3678873,9139,3669957,107,8916
nation,England,E92000001,18/02/2021,10304,3669627,10207,3660818,97,8809
nation,England,E92000001,17/02/2021,10419,3659323,10316,3650611,103,8712
nation,England,E92000001,16/02/2021,11270,3648904,11171,3640295,99,8609
nation,England,E92000001,15/02/2021,12953,3637634,12804,3629124,149,8510
nation,England,E92000001,14/02/2021,7780,3624681,7743,3616320,37,8361
nation,England,E92000001,13/02/2021,8025,3616901,7985,3608577,40,8324
nation,England,E92000001,12/02/2021,10986,3608876,10893,3600592,93,8284
nation,England,E92000001,11/02/2021,11637,3597890,11567,3589699,70,8191
nation,England,E92000001,10/02/2021,12272,3586253,12173,3578132,99,8121
nation,England,E92000001,09/02/2021,12696,3573981,12591,3565959,105,8022
nation,England,E92000001,08/02/2021,14370,3561285,14268,3553368,102,7917
nation,England,E92000001,07/02/2021,10457,3546915,10420,3539100,37,7815
nation,England,E92000001,06/02/2021,10951,3536458,10910,3528680,41,7778
nation,England,E92000001,05/02/2021,14462,3525507,14374,3517770,88,7737
nation,England,E92000001,04/02/2021,16717,3511045,16629,3503396,88,7649
nation,England,E92000001,03/02/2021,17948,3494328,17851,3486767,97,7561
nation,England,E92000001,02/02/2021,18194,3476380,18100,3468916,94,7464
nation,England,E92000001,01/02/2021,20765,3458186,20672,3450816,93,7370
nation,England,E92000001,31/01/2021,14138,3437421,14089,3430144,49,7277
nation,England,E92000001,30/01/2021,15524,3423283,15463,3416055,61,7228
nation,England,E92000001,29/01/2021,20362,3407759,20276,3400592,86,7167
nation,England,E92000001,28/01/2021,22523,3387397,22428,3380316,95,7081
nation,England,E92000001,27/01/2021,23899,3364874,23806,3357888,93,6986
nation,England,E92000001,26/01/2021,25210,3340975,25086,3334082,124,6893
nation,England,E92000001,25/01/2021,27972,3315765,27851,3308996,121,6769
nation,England,E92000001,24/01/2021,15883,3287793,15850,3281145,33,6648
nation,England,E92000001,23/01/2021,20426,3271910,20365,3265295,61,6615
nation,England,E92000001,22/01/2021,27741,3251484,27643,3244930,98,6554
nation,England,E92000001,21/01/2021,29633,3223743,29518,3217287,115,6456
nation,England,E92000001,20/01/2021,32679,3194110,32547,3187769,132,6341
nation,England,E92000001,19/01/2021,37056,3161431,36894,3155222,162,6209
nation,England,E92000001,18/01/2021,41936,3124375,41759,3118328,177,6047
nation,England,E92000001,17/01/2021,26976,3082439,26904,3076569,72,5870
nation,England,E92000001,16/01/2021,28412,3055463,28334,3049665,78,5798
nation,England,E92000001,15/01/2021,37878,3027051,37759,3021331,119,5720
nation,England,E92000001,14/01/2021,39659,2989173,39527,2983572,132,5601
nation,England,E92000001,13/01/2021,42303,2949514,42198,2944045,105,5469
nation,England,E92000001,12/01/2021,45968,2907211,45798,2901847,170,5364
nation,England,E92000001,11/01/2021,53519,2861243,53344,2856049,175,5194
nation,England,E92000001,10/01/2021,33749,2807724,33692,2802705,57,5019
nation,England,E92000001,09/01/2021,36419,2773975,36348,2769013,71,4962
nation,England,E92000001,08/01/2021,43494,2737556,43381,2732665,113,4891
nation,England,E92000001,07/01/2021,48132,2694062,48018,2689284,114,4778
nation,England,E92000001,06/01/2021,52752,2645930,52622,2641266,130,4664
nation,England,E92000001,05/01/2021,59599,2593178,59426,2588644,173,4534
nation,England,E92000001,04/01/2021,70919,2533579,70760,2529218,159,4361
nation,England,E92000001,03/01/2021,50664,2462660,50599,2458458,65,4202
nation,England,E92000001,02/01/2021,55428,2411996,55345,2407859,83,4137
nation,England,E92000001,01/01/2021,28879,2356568,28836,2352514,43,4054
nation,England,E92000001,31/12/2020,47823,2327689,47759,2323678,64,4011
nation,England,E92000001,30/12/2020,64243,2279866,64131,2275919,112,3947
nation,England,E92000001,29/12/2020,74058,2215623,73926,2211788,132,3835
nation,England,E92000001,28/12/2020,40845,2141565,40798,2137862,47,3703
nation,England,E92000001,27/12/2020,43250,2100720,43200,2097064,50,3656
nation,England,E92000001,26/12/2020,37462,2057470,37421,2053864,41,3606
nation,England,E92000001,25/12/2020,12926,2020008,12906,2016443,20,3565
nation,England,E92000001,24/12/2020,29287,2007082,29244,2003537,43,3545
nation,England,E92000001,23/12/2020,38383,1977795,38326,1974293,57,3502
nation,England,E92000001,22/12/2020,41741,1939412,41658,1935967,83,3445
nation,England,E92000001,21/12/2020,43446,1897671,43383,1894309,63,3362
nation,England,E92000001,20/12/2020,29556,1854225,29523,1850926,33,3299
nation,England,E92000001,19/12/2020,22196,1824669,22168,1821403,28,3266
nation,England,E92000001,18/12/2020,32426,1802473,32380,1799235,46,3238
nation,England,E92000001,17/12/2020,30160,1770047,30116,1766855,44,3192
nation,England,E92000001,16/12/2020,30650,1739887,30611,1736739,39,3148
nation,England,E92000001,15/12/2020,29652,1709237,29609,1706128,43,3109
nation,England,E92000001,14/12/2020,30019,1679585,29975,1676519,44,3066
nation,England,E92000001,13/12/2020,18409,1649566,18391,1646544,18,3022
nation,England,E92000001,12/12/2020,16268,1631157,16241,1628153,27,3004
nation,England,E92000001,11/12/2020,20177,1614889,20142,1611912,35,2977
nation,England,E92000001,10/12/2020,18850,1594712,18819,1591770,31,2942
nation,England,E92000001,09/12/2020,17744,1575862,17708,1572951,36,2911
nation,England,E92000001,08/12/2020,16937,1558118,16902,1555243,35,2875
nation,England,E92000001,07/12/2020,17663,1541181,17627,1538341,36,2840
nation,England,E92000001,06/12/2020,11036,1523518,11022,1520714,14,2804
nation,England,E92000001,05/12/2020,10302,1512482,10295,1509692,7,2790
nation,England,E92000001,04/12/2020,13065,1502180,13045,1499397,20,2783
nation,England,E92000001,03/12/2020,12762,1489115,12734,1486352,28,2763
nation,England,E92000001,02/12/2020,13662,1476353,13636,1473618,26,2735
nation,England,E92000001,01/12/2020,13731,1462691,13700,1459982,31,2709
nation,England,E92000001,30/11/2020,15227,1448960,15202,1446282,25,2678
nation,England,E92000001,29/11/2020,9067,1433733,9055,1431080,12,2653
nation,England,E92000001,28/11/2020,9347,1424666,9332,1422025,15,2641
nation,England,E92000001,27/11/2020,12460,1415319,12437,1412693,23,2626
nation,England,E92000001,26/11/2020,12459,1402859,12441,1400256,18,2603
nation,England,E92000001,25/11/2020,14154,1390400,14129,1387815,25,2585
nation,England,E92000001,24/11/2020,14264,1376246,14238,1373686,26,2560
nation,England,E92000001,23/11/2020,16472,1361982,16449,1359448,23,2534
nation,England,E92000001,22/11/2020,10216,1345510,10206,1342999,10,2511
nation,England,E92000001,21/11/2020,10806,1335294,10794,1332793,12,2501
nation,England,E92000001,20/11/2020,14960,1324488,14936,1321999,24,2489
nation,England,E92000001,19/11/2020,15797,1309528,15775,1307063,22,2465
nation,England,E92000001,18/11/2020,18549,1293731,18516,1291288,33,2443
nation,England,E92000001,17/11/2020,20676,1275182,20654,1272772,22,2410
nation,England,E92000001,16/11/2020,24135,1254506,24107,1252118,28,2388
nation,England,E92000001,15/11/2020,14421,1230371,14408,1228011,13,2360
nation,England,E92000001,14/11/2020,16290,1215950,16278,1213603,12,2347
nation,England,E92000001,13/11/2020,22008,1199660,21982,1197325,26,2335
nation,England,E92000001,12/11/2020,22320,1177652,22289,1175343,31,2309
nation,England,E92000001,11/11/2020,25065,1155332,25036,1153054,29,2278
nation,England,E92000001,10/11/2020,24836,1130267,24803,1128018,33,2249
nation,England,E92000001,09/11/2020,28561,1105431,28519,1103215,42,2216
nation,England,E92000001,08/11/2020,18272,1076870,18254,1074696,18,2174
nation,England,E92000001,07/11/2020,16888,1058598,16877,1056442,11,2156
nation,England,E92000001,06/11/2020,21180,1041710,21146,1039565,34,2145
nation,England,E92000001,05/11/2020,21205,1020530,21167,1018419,38,2111
nation,England,E92000001,04/11/2020,21053,999325,21021,997252,32,2073
nation,England,E92000001,03/11/2020,22690,978272,22649,976231,41,2041
nation,England,E92000001,02/11/2020,28393,955582,28355,953582,38,2000
nation,England,E92000001,01/11/2020,13611,927189,13591,925227,20,1962
nation,England,E92000001,31/10/2020,14565,913578,14549,911636,16,1942
nation,England,E92000001,30/10/2020,19899,899013,19871,897087,28,1926
nation,England,E92000001,29/10/2020,20257,879114,20227,877216,30,1898
nation,England,E92000001,28/10/2020,20547,858857,20523,856989,24,1868
nation,England,E92000001,27/10/2020,20761,838310,20740,836466,21,1844
nation,England,E92000001,26/10/2020,23033,817549,23008,815726,25,1823
nation,England,E92000001,25/10/2020,13354,794516,13345,792718,9,1798
nation,England,E92000001,24/10/2020,13713,781162,13696,779373,17,1789
nation,England,E92000001,23/10/2020,18359,767449,18329,765677,30,1772
nation,England,E92000001,22/10/2020,19866,749090,19849,747348,17,1742
nation,England,E92000001,21/10/2020,21762,729224,21735,727499,27,1725
nation,England,E92000001,20/10/2020,21638,707462,21590,705764,48,1698
nation,England,E92000001,19/10/2020,22369,685824,22342,684174,27,1650
nation,England,E92000001,18/10/2020,11982,663455,11966,661832,16,1623
nation,England,E92000001,17/10/2020,12487,651473,12472,649866,15,1607
nation,England,E92000001,16/10/2020,14761,638986,14730,637394,31,1592
nation,England,E92000001,15/10/2020,15429,624225,15394,622664,35,1561
nation,England,E92000001,14/10/2020,16646,608796,16626,607270,20,1526
nation,England,E92000001,13/10/2020,15660,592150,15625,590644,35,1506
nation,England,E92000001,12/10/2020,16420,576490,16395,575019,25,1471
nation,England,E92000001,11/10/2020,9781,560070,9772,558624,9,1446
nation,England,E92000001,10/10/2020,10301,550289,10287,548852,14,1437
nation,England,E92000001,09/10/2020,13159,539988,13131,538565,28,1423
nation,England,E92000001,08/10/2020,15452,526829,15434,525434,18,1395
nation,England,E92000001,07/10/2020,15418,511377,15387,510000,31,1377
nation,England,E92000001,06/10/2020,14458,495959,14430,494613,28,1346
nation,England,E92000001,05/10/2020,14218,481501,14184,480183,34,1318
nation,England,E92000001,04/10/2020,9966,467283,9957,465999,9,1284
nation,England,E92000001,03/10/2020,9820,457317,9810,456042,10,1275
nation,England,E92000001,02/10/2020,11719,447497,11692,446232,27,1265
nation,England,E92000001,01/10/2020,11444,435778,11416,434540,28,1238
nation,England,E92000001,30/09/2020,10663,424334,10632,423124,31,1210
nation,England,E92000001,29/09/2020,8832,413671,8797,412492,35,1179
nation,England,E92000001,28/09/2020,8641,404839,8625,403695,16,1144
nation,England,E92000001,27/09/2020,6084,396198,6075,395070,9,1128
nation,England,E92000001,26/09/2020,5704,390114,5699,388995,5,1119
nation,England,E92000001,25/09/2020,6105,384410,6090,383296,15,1114
nation,England,E92000001,24/09/2020,6361,378305,6340,377206,21,1099
nation,England,E92000001,23/09/2020,5933,371944,5913,370866,20,1078
nation,England,E92000001,22/09/2020,5400,366011,5379,364953,21,1058
nation,England,E92000001,21/09/2020,4727,360611,4715,359574,12,1037
nation,England,E92000001,20/09/2020,4652,355884,4645,354859,7,1025
nation,England,E92000001,19/09/2020,4215,351232,4210,350214,5,1018
nation,England,E92000001,18/09/2020,4290,347017,4266,346004,24,1013
nation,England,E92000001,17/09/2020,3979,342727,3959,341738,20,989
nation,England,E92000001,16/09/2020,3778,338748,3753,337779,25,969
nation,England,E92000001,15/09/2020,3057,334970,3032,334026,25,944
nation,England,E92000001,14/09/2020,2941,331913,2915,330994,26,919
nation,England,E92000001,13/09/2020,1722,328972,1719,328079,3,893
nation,England,E92000001,12/09/2020,2224,327250,2215,326360,9,890
nation,England,E92000001,11/09/2020,2893,325026,2868,324145,25,881
nation,England,E92000001,10/09/2020,3143,322133,3123,321277,20,856
nation,England,E92000001,09/09/2020,2893,318990,2873,318154,20,836
nation,England,E92000001,08/09/2020,3071,316097,3035,315281,36,816
nation,England,E92000001,07/09/2020,3530,313026,3482,312246,48,780
nation,England,E92000001,06/09/2020,2079,309496,2069,308764,10,732
nation,England,E92000001,05/09/2020,2200,307417,2195,306695,5,722
nation,England,E92000001,04/09/2020,2637,305217,2605,304500,32,717
nation,England,E92000001,03/09/2020,2716,302580,2671,301895,45,685
nation,England,E92000001,02/09/2020,2696,299864,2643,299224,53,640
nation,England,E92000001,01/09/2020,1962,297168,1941,296581,21,587
nation,England,E92000001,31/08/2020,1279,295206,1272,294640,7,566
nation,England,E92000001,30/08/2020,987,293927,983,293368,4,559
nation,England,E92000001,29/08/2020,1051,292940,1047,292385,4,555
nation,England,E92000001,28/08/2020,1395,291889,1386,291338,9,551
nation,England,E92000001,27/08/2020,1356,290494,1330,289952,26,542
nation,England,E92000001,26/08/2020,1181,289138,1156,288622,25,516
nation,England,E92000001,25/08/2020,1085,287957,1069,287466,16,491
nation,England,E92000001,24/08/2020,1157,286872,1146,286397,11,475
nation,England,E92000001,23/08/2020,704,285715,701,285251,3,464
nation,England,E92000001,22/08/2020,732,285011,727,284550,5,461
nation,England,E92000001,21/08/2020,1031,284279,1014,283823,17,456
nation,England,E92000001,20/08/2020,1254,283248,1231,282809,23,439
nation,England,E92000001,19/08/2020,1109,281994,1086,281578,23,416
nation,England,E92000001,18/08/2020,955,280885,939,280492,16,393
nation,England,E92000001,17/08/2020,1159,279930,1150,279553,9,377
nation,England,E92000001,16/08/2020,534,278771,529,278403,5,368
nation,England,E92000001,15/08/2020,656,278237,655,277874,1,363
nation,England,E92000001,14/08/2020,1059,277581,1040,277219,19,362
nation,England,E92000001,13/08/2020,1036,276522,1030,276179,6,343
nation,England,E92000001,12/08/2020,1126,275486,1107,275149,19,337
nation,England,E92000001,11/08/2020,1247,274360,1221,274042,26,318
nation,England,E92000001,10/08/2020,1375,273113,1361,272821,14,292
nation,England,E92000001,09/08/2020,569,271738,565,271460,4,278
nation,England,E92000001,08/08/2020,648,271169,642,270895,6,274
nation,England,E92000001,07/08/2020,892,270521,881,270253,11,268
nation,England,E92000001,06/08/2020,1005,269629,991,269372,14,257
nation,England,E92000001,05/08/2020,974,268624,952,268381,22,243
nation,England,E92000001,04/08/2020,965,267650,938,267429,27,221
nation,England,E92000001,03/08/2020,963,266685,947,266491,16,194
nation,England,E92000001,02/08/2020,518,265722,514,265544,4,178
nation,England,E92000001,01/08/2020,508,265204,503,265030,5,174
nation,England,E92000001,31/07/2020,644,264696,635,264527,9,169
nation,England,E92000001,30/07/2020,879,264052,864,263892,15,160
nation,England,E92000001,29/07/2020,994,263173,979,263028,15,145
nation,England,E92000001,28/07/2020,796,262179,783,262049,13,130
nation,England,E92000001,27/07/2020,824,261383,814,261266,10,117
nation,England,E92000001,26/07/2020,518,260559,517,260452,1,107
nation,England,E92000001,25/07/2020,499,260041,496,259935,3,106
nation,England,E92000001,24/07/2020,720,259542,712,259439,8,103
nation,England,E92000001,23/07/2020,741,258822,736,258727,5,95
nation,England,E92000001,22/07/2020,764,258081,756,257991,8,90
nation,England,E92000001,21/07/2020,697,257317,691,257235,6,82
nation,England,E92000001,20/07/2020,769,256620,759,256544,10,76
nation,England,E92000001,19/07/2020,419,255851,414,255785,5,66
nation,England,E92000001,18/07/2020,473,255432,471,255371,2,61
nation,England,E92000001,17/07/2020,548,254959,547,254900,1,59
nation,England,E92000001,16/07/2020,644,254411,639,254353,5,58
nation,England,E92000001,15/07/2020,726,253767,722,253714,4,53
nation,England,E92000001,14/07/2020,661,253041,657,252992,4,49
nation,England,E92000001,13/07/2020,694,252380,694,252335,0,45
nation,England,E92000001,12/07/2020,351,251686,351,251641,0,45
nation,England,E92000001,11/07/2020,433,251335,429,251290,4,45
nation,England,E92000001,10/07/2020,524,250902,521,250861,3,41
nation,England,E92000001,09/07/2020,688,250378,682,250340,6,38
nation,England,E92000001,08/07/2020,682,249690,676,249658,6,32
nation,England,E92000001,07/07/2020,565,249008,562,248982,3,26
nation,England,E92000001,06/07/2020,664,248443,660,248420,4,23
nation,England,E92000001,05/07/2020,544,247779,543,247760,1,19
nation,England,E92000001,04/07/2020,385,247235,385,247217,0,18
nation,England,E92000001,03/07/2020,536,246850,535,246832,1,18
nation,England,E92000001,02/07/2020,561,246314,557,246297,4,17
nation,England,E92000001,01/07/2020,607,245753,604,245740,3,13
nation,England,E92000001,30/06/2020,578,245146,577,245136,1,10
nation,England,E92000001,29/06/2020,666,244568,664,244559,2,9
nation,England,E92000001,28/06/2020,413,243902,412,243895,1,7
nation,England,E92000001,27/06/2020,506,243489,504,243483,2,6
nation,England,E92000001,26/06/2020,640,242983,639,242979,1,4
nation,England,E92000001,25/06/2020,643,242343,643,242340,0,3
nation,England,E92000001,24/06/2020,732,241700,731,241697,1,3
nation,England,E92000001,23/06/2020,727,240968,726,240966,1,2
nation,England,E92000001,22/06/2020,821,240241,821,240240,0,1
nation,England,E92000001,21/06/2020,550,239420,550,239419,0,1
nation,England,E92000001,20/06/2020,626,238870,626,238869,0,1
nation,England,E92000001,19/06/2020,818,238244,817,238243,1,1
nation,England,E92000001,18/06/2020,938,237426,938,237426,,
nation,England,E92000001,17/06/2020,914,236488,914,236488,,
nation,England,E92000001,16/06/2020,996,235574,996,235574,,
nation,England,E92000001,15/06/2020,944,234578,944,234578,,
nation,England,E92000001,14/06/2020,752,233634,752,233634,,
nation,England,E92000001,13/06/2020,785,232882,785,232882,,
nation,England,E92000001,12/06/2020,938,232097,938,232097,,
nation,England,E92000001,11/06/2020,915,231159,915,231159,,
nation,England,E92000001,10/06/2020,1086,230244,1086,230244,,
nation,England,E92000001,09/06/2020,1066,229158,1066,229158,,
nation,England,E92000001,08/06/2020,990,228092,990,228092,,
nation,England,E92000001,07/06/2020,668,227102,668,227102,,
nation,England,E92000001,06/06/2020,723,226434,723,226434,,
nation,England,E92000001,05/06/2020,1020,225711,1020,225711,,
nation,England,E92000001,04/06/2020,1147,224691,1147,224691,,
nation,England,E92000001,03/06/2020,1251,223544,1251,223544,,
nation,England,E92000001,02/06/2020,1365,222293,1365,222293,,
nation,England,E92000001,01/06/2020,1319,220928,1319,220928,,
nation,England,E92000001,31/05/2020,984,219609,984,219609,,
nation,England,E92000001,30/05/2020,1010,218625,1010,218625,,
nation,England,E92000001,29/05/2020,1375,217615,1375,217615,,
nation,England,E92000001,28/05/2020,1575,216240,1575,216240,,
nation,England,E92000001,27/05/2020,1616,214665,1616,214665,,
nation,England,E92000001,26/05/2020,1461,213049,1461,213049,,
nation,England,E92000001,25/05/2020,1389,211588,1389,211588,,
nation,England,E92000001,24/05/2020,1206,210199,1206,210199,,
nation,England,E92000001,23/05/2020,1309,208993,1309,208993,,
nation,England,E92000001,22/05/2020,1798,207684,1798,207684,,
nation,England,E92000001,21/05/2020,2277,205886,2277,205886,,
nation,England,E92000001,20/05/2020,2359,203609,2359,203609,,
nation,England,E92000001,19/05/2020,2602,201250,2602,201250,,
nation,England,E92000001,18/05/2020,2226,198648,2226,198648,,
nation,England,E92000001,17/05/2020,1593,196422,1593,196422,,
nation,England,E92000001,16/05/2020,1781,194829,1781,194829,,
nation,England,E92000001,15/05/2020,2145,193048,2145,193048,,
nation,England,E92000001,14/05/2020,2222,190903,2222,190903,,
nation,England,E92000001,13/05/2020,2899,188681,2899,188681,,
nation,England,E92000001,12/05/2020,2940,185782,2940,185782,,
nation,England,E92000001,11/05/2020,3088,182842,3088,182842,,
nation,England,E92000001,10/05/2020,2013,179754,2013,179754,,
nation,England,E92000001,09/05/2020,1797,177741,1797,177741,,
nation,England,E92000001,08/05/2020,2622,175944,2622,175944,,
nation,England,E92000001,07/05/2020,3205,173322,3205,173322,,
nation,England,E92000001,06/05/2020,3264,170117,3264,170117,,
nation,England,E92000001,05/05/2020,3148,166853,3148,166853,,
nation,England,E92000001,04/05/2020,2851,163705,2851,163705,,
nation,England,E92000001,03/05/2020,2648,160854,2648,160854,,
nation,England,E92000001,02/05/2020,2762,158206,2762,158206,,
nation,England,E92000001,01/05/2020,4109,155444,4109,155444,,
nation,England,E92000001,30/04/2020,4314,151335,4314,151335,,
nation,England,E92000001,29/04/2020,4737,147021,4737,147021,,
nation,England,E92000001,28/04/2020,4113,142284,4113,142284,,
nation,England,E92000001,27/04/2020,4056,138171,4056,138171,,
nation,England,E92000001,26/04/2020,3137,134115,3137,134115,,
nation,England,E92000001,25/04/2020,3381,130978,3381,130978,,
nation,England,E92000001,24/04/2020,4352,127597,4352,127597,,
nation,England,E92000001,23/04/2020,4574,123245,4574,123245,,
nation,England,E92000001,22/04/2020,4812,118671,4812,118671,,
nation,England,E92000001,21/04/2020,3996,113859,3996,113859,,
nation,England,E92000001,20/04/2020,3698,109863,3698,109863,,
nation,England,E92000001,19/04/2020,3494,106165,3494,106165,,
nation,England,E92000001,18/04/2020,4142,102671,4142,102671,,
nation,England,E92000001,17/04/2020,4088,98529,4088,98529,,
nation,England,E92000001,16/04/2020,4360,94441,4360,94441,,
nation,England,E92000001,15/04/2020,4240,90081,4240,90081,,
nation,England,E92000001,14/04/2020,3568,85841,3568,85841,,
nation,England,E92000001,13/04/2020,3463,82273,3463,82273,,
nation,England,E92000001,12/04/2020,2958,78810,2958,78810,,
nation,England,E92000001,11/04/2020,3085,75852,3085,75852,,
nation,England,E92000001,10/04/2020,3590,72767,3590,72767,,
nation,England,E92000001,09/04/2020,4076,69177,4076,69177,,
nation,England,E92000001,08/04/2020,4315,65101,4315,65101,,
nation,England,E92000001,07/04/2020,4605,60786,4605,60786,,
nation,England,E92000001,06/04/2020,4407,56181,4407,56181,,
nation,England,E92000001,05/04/2020,3094,51774,3094,51774,,
nation,England,E92000001,04/04/2020,3405,48680,3405,48680,,
nation,England,E92000001,03/04/2020,4102,45275,4102,45275,,
nation,England,E92000001,02/04/2020,4097,41173,4097,41173,,
nation,England,E92000001,01/04/2020,4150,37076,4150,37076,,
nation,England,E92000001,31/03/2020,3816,32926,3816,32926,,
nation,England,E92000001,30/03/2020,3514,29110,3514,29110,,
nation,England,E92000001,29/03/2020,2449,25596,2449,25596,,
nation,England,E92000001,28/03/2020,2379,23147,2379,23147,,
nation,England,E92000001,27/03/2020,2672,20768,2672,20768,,
nation,England,E92000001,26/03/2020,2633,18096,2633,18096,,
nation,England,E92000001,25/03/2020,2284,15463,2284,15463,,
nation,England,E92000001,24/03/2020,2041,13179,2041,13179,,
nation,England,E92000001,23/03/2020,2010,11138,2010,11138,,
nation,England,E92000001,22/03/2020,1212,9128,1212,9128,,
nation,England,E92000001,21/03/2020,1040,7916,1040,7916,,
nation,England,E92000001,20/03/2020,1096,6876,1096,6876,,
nation,England,E92000001,19/03/2020,932,5780,932,5780,,
nation,England,E92000001,18/03/2020,910,4848,910,4848,,
nation,England,E92000001,17/03/2020,683,3938,683,3938,,
nation,England,E92000001,16/03/2020,552,3255,552,3255,,
nation,England,E92000001,15/03/2020,398,2703,398,2703,,
nation,England,E92000001,14/03/2020,315,2305,315,2305,,
nation,England,E92000001,13/03/2020,401,1990,401,1990,,
nation,England,E92000001,12/03/2020,421,1589,421,1589,,
nation,England,E92000001,11/03/2020,358,1168,358,1168,,
nation,England,E92000001,10/03/2020,229,810,229,810,,
nation,England,E92000001,09/03/2020,127,581,127,581,,
nation,England,E92000001,08/03/2020,50,454,50,454,,
nation,England,E92000001,07/03/2020,55,404,55,404,,
nation,England,E92000001,06/03/2020,74,349,74,349,,
nation,England,E92000001,05/03/2020,46,275,46,275,,
nation,England,E92000001,04/03/2020,49,229,49,229,,
nation,England,E92000001,03/03/2020,53,180,53,180,,
nation,England,E92000001,02/03/2020,40,127,40,127,,
nation,England,E92000001,01/03/2020,18,87,18,87,,
nation,England,E92000001,29/02/2020,4,69,4,69,,
nation,England,E92000001,28/02/2020,11,65,11,65,,
nation,England,E92000001,27/02/2020,7,54,7,54,,
nation,England,E92000001,26/02/2020,1,47,1,47,,
nation,England,E92000001,25/02/2020,3,46,3,46,,
nation,England,E92000001,24/02/2020,2,43,2,43,,
nation,England,E92000001,23/02/2020,6,41,6,41,,
nation,England,E92000001,22/02/2020,0,35,0,35,,
nation,England,E92000001,21/02/2020,2,35,2,35,,
nation,England,E92000001,20/02/2020,0,33,0,33,,
nation,England,E92000001,19/02/2020,0,33,0,33,,
nation,England,E92000001,18/02/2020,0,33,0,33,,
nation,England,E92000001,17/02/2020,1,33,1,33,,
nation,England,E92000001,16/02/2020,0,32,0,32,,
nation,England,E92000001,15/02/2020,0,32,0,32,,
nation,England,E92000001,14/02/2020,0,32,0,32,,
nation,England,E92000001,13/02/2020,1,32,1,32,,
nation,England,E92000001,12/02/2020,1,31,1,31,,
nation,England,E92000001,11/02/2020,4,30,4,30,,
nation,England,E92000001,10/02/2020,1,26,1,26,,
nation,England,E92000001,09/02/2020,1,25,1,25,,
nation,England,E92000001,08/02/2020,3,24,3,24,,
nation,England,E92000001,07/02/2020,0,21,0,21,,
nation,England,E92000001,06/02/2020,0,21,0,21,,
nation,England,E92000001,05/02/2020,1,21,1,21,,
nation,England,E92000001,04/02/2020,0,20,0,20,,
nation,England,E92000001,03/02/2020,18,20,18,20,,
nation,England,E92000001,02/02/2020,1,2,1,2,,
nation,England,E92000001,01/02/2020,0,1,0,1,,
nation,England,E92000001,31/01/2020,0,1,0,1,,
nation,England,E92000001,30/01/2020,1,1,1,1,,
